{
  "experiment_name": "torchvision",
  "model_architecture": "efficientnet_b0",
  "accuracy": 1.0,
  "energy_wh": 0.08752030617102949,
  "normalized_energy": -0.33327498646255266,
  "penalty_factor": 1.0,
  "ede_score": 0.5776017467976583,
  "flops": 390000000,
  "task_type": "classification"
}