{
  "experiment_name": "efficientnet_b0",
  "model_architecture": "efficientnet_b0",
  "accuracy": 1.0,
  "energy_wh": 0.09810583715996703,
  "normalized_energy": 0.02064539273630845,
  "penalty_factor": 1.0,
  "ede_score": 0.5152790413706458,
  "flops": 390000000,
  "task_type": "classification"
}