{
  "experiment_name": "efficientnet_b0",
  "model_architecture": "efficientnet_b0",
  "accuracy": 0.9986493787142086,
  "energy_wh": 0.4715893314518831,
  "normalized_energy": -0.33301894044569874,
  "penalty_factor": 1.0,
  "ede_score": 0.10690534684080635,
  "flops": 390000000,
  "task_type": "classification"
}