{
  "experiment_name": "vit-base-patch16-224",
  "model_architecture": "vit_base_patch16_224",
  "accuracy": 0.9978479196556671,
  "energy_wh": 0.5110155792182064,
  "normalized_energy": -0.33299265628052116,
  "penalty_factor": 1.0,
  "ede_score": 0.0827149843324631,
  "flops": 17000000000,
  "task_type": "classification"
}